peak,soulder,off-peak,,,DLF,TLF,Ancillary,Pool fees,LRET,SRES,peak,ACT energy efficiency,,,peak rate,shoulder rate,off-peak rate
0.166480952,0.145503952,0.105324543,,,1.0089,1.0095,0.000269,0.000366,0.010715527,0.003906461,0.02300975,0.005364,,,0.063991,0.063991,0.0415